{
  "AutoAgents": {
    "average_call_ms": 3816.581745990001,
    "average_latency_ms": 3816.5819797000017,
    "average_processing_ms": 0.00023370999999999982,
    "average_queue_ms": 4.7749999999999975e-05,
    "concurrency": 10,
    "name": "AutoAgents",
    "p95_call_ms": 4908.075207999999,
    "p95_latency_ms": 4908.075479,
    "p95_processing_ms": 0.000471,
    "p95_queue_ms": 0.00011,
    "throughput_rps": 18.64296687506721,
    "total_duration": 5.363953102,
    "total_failure": 0,
    "total_requests": 100,
    "total_success": 100
  },
  "CrewAI": {
    "average_call_ms": 15801.675524369639,
    "average_latency_ms": 15801.675957719708,
    "average_processing_ms": 0.0004333500692155212,
    "average_queue_ms": 5.076988600194454e-05,
    "concurrency": 10,
    "name": "CrewAI",
    "p95_call_ms": 23036.259109998355,
    "p95_latency_ms": 23036.259449996578,
    "p95_processing_ms": 0.0007310009095817804,
    "p95_queue_ms": 0.00011999509297311306,
    "throughput_rps": 3.1595766673056933,
    "total_duration": 31.649809619993903,
    "total_failure": 0,
    "total_requests": 100,
    "total_success": 100
  },
  "LangGraph": {
    "average_call_ms": 12218.544464230654,
    "average_latency_ms": 12218.5449337295,
    "average_processing_ms": 0.000469498845632188,
    "average_queue_ms": 8.810966392047703e-05,
    "concurrency": 10,
    "name": "LangGraph",
    "p95_call_ms": 13991.006116004428,
    "p95_latency_ms": 13991.006516997004,
    "p95_processing_ms": 0.0005609981599263847,
    "p95_queue_ms": 0.00012999953469261527,
    "throughput_rps": 6.752596105427808,
    "total_duration": 14.809119106001162,
    "total_failure": 0,
    "total_requests": 100,
    "total_success": 100
  }
}