{
  "AutoAgents": {
    "average_call_ms": 6501.504926450002,
    "average_latency_ms": 6501.505343873333,
    "average_processing_ms": 0.0004174233333333334,
    "average_queue_ms": 0.00004126666666666666,
    "concurrency": 10,
    "name": "AutoAgents",
    "p95_call_ms": 8941.092527,
    "p95_latency_ms": 8941.092686999998,
    "p95_processing_ms": 0.000882,
    "p95_queue_ms": 0.00009099999999999999,
    "throughput_rps": 31.311011799370377,
    "total_duration": 9.581293697,
    "total_failure": 0,
    "total_requests": 300,
    "total_success": 300
  },
  "CrewAI": {
    "average_call_ms": 15801.67552436964,
    "average_latency_ms": 15801.675957719708,
    "average_processing_ms": 0.0004333500692155212,
    "average_queue_ms": 0.00005076988600194454,
    "concurrency": 10,
    "name": "CrewAI",
    "p95_call_ms": 23036.259109998355,
    "p95_latency_ms": 23036.259449996574,
    "p95_processing_ms": 0.0007310009095817804,
    "p95_queue_ms": 0.00011999509297311306,
    "throughput_rps": 3.1595766673056933,
    "total_duration": 31.649809619993903,
    "total_failure": 0,
    "total_requests": 100,
    "total_success": 100
  },
  "LangGraph": {
    "average_call_ms": 12218.544464230654,
    "average_latency_ms": 12218.5449337295,
    "average_processing_ms": 0.000469498845632188,
    "average_queue_ms": 0.00008810966392047703,
    "concurrency": 10,
    "name": "LangGraph",
    "p95_call_ms": 13991.006116004428,
    "p95_latency_ms": 13991.006516997004,
    "p95_processing_ms": 0.0005609981599263847,
    "p95_queue_ms": 0.00012999953469261527,
    "throughput_rps": 6.752596105427808,
    "total_duration": 14.809119106001162,
    "total_failure": 0,
    "total_requests": 100,
    "total_success": 100
  }
}