{
  "AutoAgents": {
    "average_call_ms": 8164.238185411999,
    "average_latency_ms": 8164.238800159995,
    "average_processing_ms": 0.000614748,
    "average_queue_ms": 2.7079999999999968e-05,
    "concurrency": 10,
    "name": "AutoAgents",
    "p95_call_ms": 11930.481098,
    "p95_latency_ms": 11930.481369000001,
    "p95_processing_ms": 0.0005,
    "p95_queue_ms": 4.9999999999999996e-05,
    "throughput_rps": 19.811701124202056,
    "total_duration": 12.618805343,
    "total_requests": 250
  },
  "CrewAI": {
    "average_call_ms": 27324.460005768065,
    "average_latency_ms": 27324.460379027965,
    "average_processing_ms": 0.00037325989978853613,
    "average_queue_ms": 4.2888030293397605e-05,
    "concurrency": 10,
    "name": "CrewAI",
    "p95_call_ms": 42173.96485499921,
    "p95_latency_ms": 42173.96512599953,
    "p95_processing_ms": 0.0006519985618069768,
    "p95_queue_ms": 5.00003807246685e-05,
    "throughput_rps": 5.730043484617829,
    "total_duration": 43.6296863489988,
    "total_requests": 250
  },
  "LangGraph": {
    "average_call_ms": 37208.82699971215,
    "average_latency_ms": 37208.82738906387,
    "average_processing_ms": 0.000389351713238284,
    "average_queue_ms": 7.810800161678344e-05,
    "concurrency": 10,
    "name": "LangGraph",
    "p95_call_ms": 139354.21098200095,
    "p95_latency_ms": 139354.21188500186,
    "p95_processing_ms": 0.0007609996828250587,
    "p95_queue_ms": 0.000100000761449337,
    "throughput_rps": 1.7879351927849154,
    "total_duration": 139.8260971699965,
    "total_requests": 250
  }
}