{
  "AutoAgents": {
    "average_call_ms": 5339.526259740001,
    "average_latency_ms": 5339.52651319,
    "average_processing_ms": 0.00025344999999999995,
    "average_queue_ms": 6.258000000000003e-05,
    "concurrency": 10,
    "name": "AutoAgents",
    "p95_call_ms": 6751.076279,
    "p95_latency_ms": 6751.07657,
    "p95_processing_ms": 0.00043,
    "p95_queue_ms": 0.00014000000000000001,
    "throughput_rps": 13.871172215453248,
    "total_duration": 7.209196054,
    "total_failure": 0,
    "total_requests": 100,
    "total_success": 100
  },
  "CrewAI": {
    "average_call_ms": 19384.79013525004,
    "average_latency_ms": 19384.79053746989,
    "average_processing_ms": 0.00040221984818344936,
    "average_queue_ms": 4.240970156388357e-05,
    "concurrency": 10,
    "name": "CrewAI",
    "p95_call_ms": 30227.883873998508,
    "p95_latency_ms": 30227.884274001553,
    "p95_processing_ms": 0.0007220005500130355,
    "p95_queue_ms": 6.099799065850675e-05,
    "throughput_rps": 3.039038189065257,
    "total_duration": 32.90514754299875,
    "total_failure": 0,
    "total_requests": 100,
    "total_success": 100
  },
  "LangGraph": {
    "average_call_ms": 11256.387441660263,
    "average_latency_ms": 11256.387762039813,
    "average_processing_ms": 0.00032037954952102154,
    "average_queue_ms": 7.661987183382735e-05,
    "concurrency": 10,
    "name": "LangGraph",
    "p95_call_ms": 13599.046053001075,
    "p95_latency_ms": 13599.04636400097,
    "p95_processing_ms": 0.0005310030246619135,
    "p95_queue_ms": 9.100040188059211e-05,
    "throughput_rps": 6.745700319657759,
    "total_duration": 14.824257713997213,
    "total_failure": 0,
    "total_requests": 100,
    "total_success": 100
  }
}